<application>
  <component name="ProjectManager">
    <defaultProject>
      <component name="MavenImportPreferences">
        <option name="generalSettings">
          <MavenGeneralSettings>
            <option name="mavenHome" value="$USER_HOME$/dev/mvn392" />
            <option name="showDialogWithAdvancedSettings" value="true" />
          </MavenGeneralSettings>
        </option>
      </component>
      <component name="PropertiesComponent"><![CDATA[{
  "keyToString": {
    "settings.editor.selected.configurable": "MavenSettings"
  }
}]]></component>
      <component name="WindowStateProjectService">
        <state x="184" y="130" width="530" height="605" key="FileChooserDialogImpl" timestamp="1686563132630">
          <screen x="0" y="27" width="1920" height="983" />
        </state>
        <state x="184" y="130" width="530" height="605" key="FileChooserDialogImpl/0.27.1920.983" timestamp="1686563132630" />
        <state x="339" y="41" width="1241" height="912" key="SettingsEditor" timestamp="1686563155477">
          <screen x="0" y="27" width="1920" height="983" />
        </state>
        <state x="339" y="41" width="1241" height="912" key="SettingsEditor/0.27.1920.983" timestamp="1686563155477" />
      </component>
    </defaultProject>
  </component>
</application>